url,Origin,Destination,Number of People,Age,Male Victim,Female Victim,Category,Date,City
https://www.ndtv.com/telangana-news/hyderabad-woman-stranded-in-oman-relatives-turn-to-sushma-swaraj-1910958,india,Oman,1,,,1,labour,21/02/2018,
https://www.ndtv.com/hyderabad-news/ex-congress-lawmaker-arrested-for-allegedly-trafficking-3-people-to-us-on-fake-documents-1914810,india,usa,3,,,,,11/09/2018,
https://www.ndtv.com/delhi-news/woman-arrested-in-delhi-for-alleged-involvement-in-human-trafficking-1921023,india,,1,,,,employement,,
https://www.ndtv.com/delhi-news/27-trafficked-victims-including-16-minor-girls-rescued-in-delhi-1926375,india,,16,,5,6,employement,,
https://www.bbc.com/news/uk-england-derbyshire-47563576?intlink_from_url=https://www.bbc.com/news/topics/c77jz3mdmr3t/human-trafficking&link_location=live-reporting-story,UK,UK,,,,,prostitution,14/03/2019,
https://www.bbc.com/news/uk-england-lancashire-47543658?intlink_from_url=https://www.bbc.com/news/topics/c77jz3mdmr3t/human-trafficking&link_location=live-reporting-story,Vietnam,UK,290,15,,,prostitution,14/03/2019,
https://www.bbc.com/news/uk-england-essex-46967227?intlink_from_url=https://www.bbc.com/news/topics/c77jz3mdmr3t/human-trafficking&link_location=live-reporting-story,Essex,,27,,,,,25/01/2019,
https://www.bbc.com/news/world-asia-46610882?intlink_from_url=https://www.bbc.com/news/topics/c77jz3mdmr3t/human-trafficking&link_location=live-reporting-story,NorthKorea,China,2,22,,2,prostitution,18/01/2019,
https://www.justice.gov/usao-ndoh/pr/jury-finds-toledo-pastor-guilty-sex-trafficking-minor-and-other-crimes,USA,USA,2,14,0,2,sexual exploit,28/03/2019,
https://www.ndtv.com/kerala-news/kochi-abandoned-bags-prompt-probe-in-suspected-human-trafficking-to-australia-1977692,india,australia,40,,,,,,
https://www.justice.gov/usao-sdtx/pr/missouri-city-man-sentenced-having-trafficked-12-year-old-girl-sex,USA,USA,1,12,0,1,sexual exploit,11/10/2018,
,srilanka,australia,9,,,,,,
https://www.ndtv.com/india-news/manipur-police-rescue-130-in-ongoing-anti-human-trafficking-operation-1987440,nepal,myanmar,183,,32,151,,,
https://www.bbc.com/news/uk-england-derbyshire-46126150?intlink_from_url=https://www.bbc.com/news/topics/c77jz3mdmr3t/human-trafficking&link_location=live-reporting-story,UK,UK,28,,,,labour,7/11/2019,
https://www.bbc.com/news/world-latin-america-46124647?intlink_from_url=https://www.bbc.com/news/topics/c77jz3mdmr3t/human-trafficking&link_location=live-reporting-story,Peru,Peru,,,,,organ trafficking,7/11/2019,
https://www.ndtv.com/world-news/indonesia-finds-193-bangladeshis-locked-up-in-a-shop-1989939,bangladesh,indonesia,193,,,,employement,07/02/2019,
https://timesofindia.indiatimes.com/city/bareilly/human-trafficking-minor-bangladeshi-girl-rescued/articleshow/67800119.cms,Bangladesh,India,1,10,0,1,sexual exploit,22/01/2012,
https://www.justice.gov/usao-sdms/pr/sex-trafficker-minors-sentenced-32-years-federal-prison,USA,USA,,15,,,sexual exploit,26/03/2019,
https://timesofindia.indiatimes.com/city/vadodara/this-hospital-is-hotbed-of-child-trafficking/articleshow/66757365.cms,india,india,13,,,,,23/09/2019,
https://timesofindia.indiatimes.com/city/bareilly/bareilly-man-held-for-human-trafficking-of-14-yr-old-girl-from-kolkata/articleshow/66991725.cms,india,india,1,,,,,,
https://www.bbc.com/news/uk-northern-ireland-46092085?intlink_from_url=https://www.bbc.com/news/topics/c77jz3mdmr3t/human-trafficking&link_location=live-reporting-story,UK,Ireland,36,,,36,labour,5/11/2019,
https://timesofindia.indiatimes.com/city/delhi/delhi-cop-jumps-into-yamuna-to-nab-fleeing-trafficker/articleshow/67616813.cms,india,dubai,16,,,16,employement,21/01/2019,
https://timesofindia.indiatimes.com/city/hyderabad/human-trafficking-14-from-telangana-to-return-from-iraqi-kurdistan/articleshow/67721393.cms,india,iraq,15,,,,employement,28/01/2019,
https://timesofindia.indiatimes.com/city/bareilly/human-trafficking-minor-bangladeshi-girl-rescued/articleshow/67800119.cms,bangladesh,india,1,,,1,sex,02/02/2019,
https://timesofindia.indiatimes.com/city/ahmedabad/ahmedabad-police-arrest-woman-involved-in-major-human-trafficking-racket/articleshow/67815761.cms,india,india,1,,,1,sex,03/02/2019,
https://timesofindia.indiatimes.com/city/ajmer/8-kids-rescued-in-ajmer-two-held/articleshow/67875869.cms,india,india,8,,,,labour,07/02/2019,
https://timesofindia.indiatimes.com/city/mumbai/mumbai-duo-helps-boy-immigrate-on-fake-passport-held/articleshow/67984713.cms,india,mexico,1,,,,,14/02/2019,
https://timesofindia.indiatimes.com/city/hyderabad/three-more-cases-of-city-women-trafficked-to-gulf-family-approach-swaraj-for-help/articleshow/67988542.cms,india,kuwait,3,,,3,labour,14/02/2019,
https://timesofindia.indiatimes.com/city/delhi/human-trafficking-racket-busted-1-held-in-delhi/articleshow/68131954.cms,india,india,1,,,1,sex,24/02/2019,
https://www.bbc.com/news/uk-england-45733542?intlink_from_url=https://www.bbc.com/news/topics/c77jz3mdmr3t/human-trafficking&link_location=live-reporting-story,UK,UK,2,14,,2,drugs,15/01/2019,
https://timesofindia.indiatimes.com/city/hyderabad/2-women-trafficked-to-oman-kuwait-kin-send-sos-to-mea/articleshow/68237675.cms,india,india,2,,,2,labour,03/03/2019,
https://www.bbc.com/news/uk-scotland-glasgow-west-45631813?intlink_from_url=https://www.bbc.com/news/topics/c77jz3mdmr3t/human-trafficking&link_location=live-reporting-story,Vietnam,UK,1,,,1,prostitution,24/09/18,
https://www.justice.gov/usao-wdmo/pr/california-man-pleads-guilty-sex-trafficking-six-victims,USA,USA,6,,0,6,prostitution,19/03/2019,
https://timesofindia.indiatimes.com/city/jaipur/40-children-rescued-in-last-two-months-from-bonded-labour/articleshow/68247497.cms,india,india,40,,1,,labour,04/03/2019,
https://timesofindia.indiatimes.com/city/hyderabad/2-city-women-trafficked-to-gulf-rescued/articleshow/68338866.cms,india,india,1,,,,labour,10/03/2019,
https://www.bbc.com/news/uk-england-london-45590145?intlink_from_url=https://www.bbc.com/news/topics/c77jz3mdmr3t/human-trafficking&link_location=live-reporting-story,Nigeria,Germany,5,,,5,prositituition,20/09/2018,
https://www.bbc.com/news/uk-43743579?intlink_from_url=https://www.bbc.com/news/topics/c77jz3mdmr3t/human-trafficking&link_location=live-reporting-story,uk,uk,1,,,1,labour,16/04/2018,
https://www.justice.gov/usao-wdwa/pr/violent-pimp-convicted-human-trafficking-following-eight-day-trial,uk,uk,10,,,,prostitution,15/09/2018,
https://www.bbc.com/news/stories-45103617?intlink_from_url=https://www.bbc.com/news/topics/c77jz3mdmr3t/human-trafficking&link_location=live-reporting-story,uk,uk,1,,,,prositituition,08/08/2018,
https://www.bbc.com/news/uk-england-kent-44482680?intlink_from_url=https://www.bbc.com/news/topics/c77jz3mdmr3t/human-trafficking&link_location=live-reporting-story,nigeria,russia,,10,1,9,,,
https://www.justice.gov/usao-wdwa/pr/violent-pimp-convicted-human-trafficking-following-eight-day-trial,USA,USA,,,,,prostitution,06/03/2019,
https://www.justice.gov/usao-ndil/pr/chicago-man-convicted-sex-trafficking-16-year-old-girl-who-was-allegedly-murdered,USA,USA,1,16,0,1,prostitution,06/03/2019,
https://www.bbc.com/news/uk-wales-44807348?intlink_from_url=https://www.bbc.com/news/topics/c77jz3mdmr3t/human-trafficking&link_location=live-reporting-story,,wales,150,,,,,,
https://www.justice.gov/usao-md/pr/washington-dc-commercial-sex-customer-pleads-guilty-sex-trafficking-minor,USA,USA,1,16,0,1,prostitution,05/03/2019,
https://www.justice.gov/usao-md/pr/two-delaware-men-plead-guilty-sex-trafficking-15-year-old-girl,USA,USA,1,15,0,1,prostitution,22/02/2019,Baltimore
https://www.justice.gov/usao-wdny/pr/sex-trafficking-ring-leader-sentenced,China,USA,12,,0,12,prostitution,21/02/2019,"BUFFALO, N.Y.-U.S"
https://allafrica.com/stories/201904010069.html,Eritrea,Isiolo County,8,17-31,,,,28/03/2019,
https://allafrica.com/stories/201904010069.html,Burundi,Kiambu,25,24-33,,,,,
https://www.philstar.com/nation/2018/12/24/1879441/9-victims-trafficking-rescued-naia,philippines,South Korea,9,,,,labour,24/12/2018,
https://www.philstar.com/nation/2018/12/24/1879441/9-victims-trafficking-rescued-naia,Bangladesh,malaysia,59,,,,labour,20/12/2018,Kuala Lumpur
https://eastcountytoday.net/saturday-brentwood-to-host-red-sand-project/,usa,usa,40,,,,,29/03/2019,
http://www.wlbt.com/2019/01/30/human-trafficking-victims-rescued-more-than-suspects-arrested-ca-sting/,usa,usa,48,17-20,,,prostitution,30/01/2019,Los Angeles
https://hothiphopdetroit.com/3875970/human-trafficking-bust-in-madison-heights/,usa,usa,2,20-23,,2,prostitution,29/03/2019,
http://www.wlbt.com/2019/01/30/human-trafficking-victims-rescued-more-than-suspects-arrested-ca-sting/,usa,usa,50,,,11,labour,25/01/2018,Los Angeles
https://www.justice.gov/usao-sdfl/pr/cuban-national-sentenced-more-10-years-labor-trafficking-and-alien-smuggling,Mexico,USA,3,,0,3,prostitution,21/02/2019,Florida
https://wgno.com/2019/03/28/state-police-42-year-old-n-o-man-arrested-for-child-trafficking-beat-and-raped-teen-for-weeks/,usa,usa,1,16,,1,sex,,
https://www.pe.com/2017/08/17/2-human-trafficking-victims-rescued-l-a-man-arrested-in-chino-raid/,usa,usa,2,,,2,sex,25/08/2017,Los Angeles
https://www.registerguard.com/news/20190331/two-massage-parlors-raided-in-springfield-three-arrested,china,usa,5,35-50,,,prostitution,31/03/2019,Springfield
https://www.justice.gov/usao-edla/pr/metairie-man-pleads-guilty-conspiracy-commit-sex-trafficking-14-year-old-female,usa,usa,1,14,0,1,sex trafficking,07/02/2019,Louisiana
https://punchng.com/103-victims-of-human-trafficking-rescued-in-osun-naptip/,africa,africa,103,,35,24,prostitution,06/08/2018,Osun
https://cebudailynews.inquirer.net/208486/8-rescued-from-human-trafficking-at-naia,philippines,philippines,8,,6,2,labour,17/12/2018,manila
https://www.justice.gov/usao-mn/pr/owner-illegal-massage-parlor-found-guilty-sex-trafficking,usa,usa,2,,0,2,prostitution,06/02/2019,Minneapolis
https://www.reuters.com/article/us-usa-trafficking-arrests-idUSKBN15G5J6,usa,usa,28,,,,prostitution,02/02/2017,
https://www.justice.gov/usao-ednc/pr/erie-man-sentenced-after-conviction-human-trafficking-related-offenses,usa,usa,3,,,,sex trafficking,01/02/2018,NEW BERN
https://www.justice.gov/usao-edca/pr/elk-grove-man-sentenced-over-12-years-prison-sex-trafficking-child,usa,usa,1,14,0,1,prostitution,01/02/2019,Oakland
http://www.crimevoice.com/2019/03/27/trafficker/,usa,usa,3,13-16,,,sex,27/02/2019,santa ana
https://www.thedailystar.net/city/human-trafficking-gang-in-dhaka-4-displaced-myanmar-women-rescued-1721107,myanmar,saudi arabia,4,18-25,,,,26/03/2019,dhaka
https://www.justice.gov/opa/pr/couple-convicted-forcing-young-west-african-girl-labor-their-southlake-texas-home-16-years,west africa,usa,1,,0,1,labour,11/01/2019,Texas
http://www.theglobaldispatch.com/missouri-city-man-eddie-larue-sentenced-for-sex-trafficking-a-12-year-old-girl-60672/,usa,usa,1,12,,1,sex,07/03/2017,Missouri city
https://www.wwlp.com/news/crime/26-rescued-in-seattle-human-trafficking-bust/1840024170,,usa,26,20-60,,26,sex,11/03/2019,seattle
https://www.justice.gov/usao-edva/pr/prostitution-customer-sentenced-sexually-exploiting-two-minor-girls,usa,usa,2,14-16,0,2,sex,01/02/2019,dmv area
https://www.thestar.com/news/gta/2019/02/07/foreign-workers-rescued-in-labour-human-trafficking-raids-in-simcoe-county.html,Mexico,usa,40,,,,,,
http://www.wlox.com/2019/03/01/teen-rescued-during-human-trafficking-sting-hub-city/,usa,usa,1,,,1,prostitution,01/03/2019,hattiesburg
,usa,usa,2,17,,2,prostitution,22/05/2018,compton
https://patch.com/california/banning-beaumont/human-trafficking-victim-rescued-inland-empire-sheriff,usa,usa,1,,,1,prostitution,30/10/2018,inland empire
https://ktla.com/2019/03/14/3-teen-human-trafficking-victims-rescued-suspected-pimp-arrested-in-santa-ana-police/,usa,usa,3,,,3,prostitution,14/03/2019,Santa ana
https://wgno.com/2018/12/20/2-men-arrested-missing-teen-rescued-in-sex-trafficking-raid-at-canal-st-hotel/,usa,usa,1,16,,1,prostitution,24/01/2019,new orleans
https://www.nyoooz.com/news/bareilly/1317081/human-trafficking-minor-bangladeshi-girl-rescued/,india,bangladesh,1,10,,1,prostitution,01/02/2019,
https://www.sunstar.com.ph/article/1799619,philippines,philippines,7,16,,,labour,01/04/2019,Cagayan de Oro City
https://globalnews.ca/news/4956517/human-trafficking-labour-canada/,mexico,canada,43,20-46,,,labour,,ontario
https://www.philstar.com/nation/2019/02/13/1893173/human-trafficking-victims-rescued-zamboanga,,philippines,48,,,,,14/02/2019,ZAMBOANGA city
https://www.kxan.com/news/local/austin/2-local-bars-shut-down-for-drugs-human-trafficking-drink-solicitation/1860383838,usa,usa,2,,,2,prostitution,19/03/2019,austin
http://www.theglobaldispatch.com/california-man-ronald-ean-taylor-pleads-guilty-to-sex-trafficking-of-6-victims-39323/,usa,usa,6,,,6,prostitution,17/05/2017,
https://www.justice.gov/opa/pr/defendants-charged-multiple-counts-related-interstate-prostitution-and-sex-trafficking,china,usa,,,,,prostitution,13/08/2018,Maine
https://www.republicworld.com/india-news/general-news/136-girls-rescued-from-human-trafficking-in-manipur,nepal,india,136,,,136,,,
https://thegrio.com/2019/02/02/two-arrested-two-teen-girls-rescued-in-miami-beach-human-trafficking-case/,usa,usa,1,14,,1,prostitution,,miami beach
https://www.whec.com/national/man-accused-of-forcing-california-woman-into-prostitution/5277093/,usa,usa,1,,,1,prostitution,13/03/2019,orlando
https://www.whec.com/national/man-accused-of-forcing-california-woman-into-prostitution/5277093/,,,,,,,,,
https://thegrio.com/2019/02/02/two-arrested-two-teen-girls-rescued-in-miami-beach-human-trafficking-case/,https://www.iol.co.za/news/south-africa/free-state/11-rescued-from-suspected-free-state-human-traffickers-12768971,usa,1,15,,1,prostitution,,miami beach
https://timesofindia.indiatimes.com/city/bareilly/human-trafficking-minor-bangladeshi-girl-rescued/articleshow/67800119.cms,bangladesh,india,1,10,,1,prostitution,01/01/2012,mumbai
https://www.justice.gov/opa/pr/five-members-mexican-sex-trafficking-organization-sentenced-prison,mexico,usa,12,14-21,0,12,prostitution,07/01/2019,mexico
https://www.justice.gov/usao-edmo/pr/farmington-man-sentenced-sex-trafficking-and-child-pornography,usa,usa,1,16,0,1,prostitution,19/12/2018,Farmington
http://www.eurasiareview.com/25032019-myanmar-women-girls-trafficked-as-brides-to-china-says-hrw/,myanmar,china,37,,,37,prostiution,25/03/2019,
https://lompocrecord.com/news/local/statewide-human-trafficking-operation-nets-arrests-rescues-in-santa-barbara/article_8e512d33-9046-5ab7-a10d-79c01625b546.html,usa,,48,,,48,prostiution,01/01/2019,santa barbara
https://www.wlns.com/news/michigan-state-police-rescued-five-human-trafficking-victims-in-west-michigan/1637989875,,usa,20,,,,,03/12/2018,kalamazoo
https://www.turnto23.com/news/local-news/two-girls-rescued-from-human-trafficking-in-bakersfield,,usa,2,18,,2,prostitution,19/10/2018,bakersfield
https://www.bbc.com/news/world-latin-america-43941143,,caribbean,350,,,,,30/04/2018,
https://www.justice.gov/usao-mdga/pr/dublin-man-sentenced-20-years-federal-prison-operating-interstate-pimping-ring-co,usa,georgia,10,,0,10,prostitution,13/12/2018,
https://abc7news.com/hundreds-arrested-in-human-trafficking-crackdown-in-california/3008362/,,usa,56,,,56,prostitution,31/01/2018,los angeles
https://www.news4jax.com/news/local/jacksonville/66-rescued-from-human-trafficking-last-year-in-jacksonville,,usa,66,,,,,16/01/2018,florida
https://www.justice.gov/usao-wdmo/pr/columbia-man-sentenced-15-years-child-sex-trafficking-0,usa,usa,3,17,0,3,prostitution,13/12/2018,Columbia
https://www.kcra.com/article/14-arrested-cited-in-el-dorado-county-human-trafficking-sting-2/14463293,,usa,1,17,,1,prostitution,20/12/2017,california
http://www.ldsliving.com/How-Children-Rescued-from-Human-Trafficking-Are-Healed-with-Help-from-Operation-Underground-Railroad/s/86682/,,usa,20,,,20,sex,,central america
https://www.nbcnews.com/news/us-news/84-children-rescued-120-human-traffickers-arrested-across-u-s-n812156,,usa,84,children,,,prostitution,19/10/2017,san francisco
https://www.shreveporttimes.com/story/news/crime/2017/04/19/six-arrested-human-trafficking-two-teens-rescued/100639660/,,usa,2,,,2,prostitution,19/04/2017,Louisiana
https://www.justice.gov/usao-mn/pr/thirty-six-defendants-guilty-their-roles-international-thai-sex-trafficking-organization,Thailand,USA,100,,100,,prostitution,13/12/2018,
https://globalnews.ca/news/4956517/human-trafficking-labour-canada/,Canada,Canada,43,20 - 46,43,,Bonded Labour,14-02-2019,Ontario
https://www.wtae.com/article/more-than-300-arrested-48-people-rescued-during-human-trafficking-investigation/26089568,USA,USA,48,,,48,Sexual Exploit,30-01-2019,California
http://www.ldsliving.com/How-Children-Rescued-from-Human-Trafficking-Are-Healed-with-Help-from-Operation-Underground-Railroad/s/86682/,Central America,Central America,20,5-25,-,20,Sexual Exploit,,
http://www.wlox.com/2019/03/01/teen-rescued-during-human-trafficking-sting-hub-city/,USA,USA,1,18,0,1,Sexual Exploit,01-03-2019,Mississipi
https://www.wlns.com/news/michigan-state-police-rescued-five-human-trafficking-victims-in-west-michigan/1637989875,USA,USA,5,,,,,03-12-2018,West Michigan
http://www.theglobaldispatch.com/new-report-from-ireland-45-rescued-from-human-trafficking-ring-75286/,China,Ireland,30,25-45,23,7,Bonded Labour,09-02-2015,
http://www.theglobaldispatch.com/new-report-from-ireland-45-rescued-from-human-trafficking-ring-75286/,Romania,Ireland,30,25-45,23,7,Bonded Labour,09-02-2015,
http://www.theglobaldispatch.com/new-report-from-ireland-45-rescued-from-human-trafficking-ring-75286/,Albania,Ireland,15,,,,Bonded Labour,09-02-2015,
http://www.theglobaldispatch.com/new-report-from-ireland-45-rescued-from-human-trafficking-ring-75286/,Vietnam,Ireland,15,,,,Bonded Labour,09-02-2015,
http://www.theglobaldispatch.com/new-report-from-ireland-45-rescued-from-human-trafficking-ring-75286/,Lithuania,Ireland,15,,,,Bonded Labour,09-02-2015,
https://www.philstar.com/nation/2018/12/24/1879441/9-victims-trafficking-rescued-naia,philippines,South Korea,9,,,,Hired Worker,20-12-2018,Manila
https://www.malaysiakini.com/news/366771,Bangladesh,malaysia,59,,,,Bonded Labour,20-12-2016,
http://goldenageofgaia.com/2018/02/02/human-trafficking-crackdown-510-arrested-56-rescued-in-california/,USA,USA,56,,45,11,,02-02-2018,California
https://www.pe.com/2017/08/17/2-human-trafficking-victims-rescued-l-a-man-arrested-in-chino-raid/,USA,USA,2,,2,0,Bonded Labour,17-08-2018,Los Angeles
https://www.reuters.com/article/us-usa-trafficking-arrests-idUSKBN15G5J6,USA,USA,28,10-18,,,,02-02-2017,
https://www.reuters.com/article/us-usa-trafficking-arrests-idUSKBN15G5J6,USA,USA,27,18-35,,,Sexual Exploit,02-02-2017,
https://punchng.com/103-victims-of-human-trafficking-rescued-in-osun-naptip/,Nigeria,,103,,25,78,,06-08-2018,Osun
https://cebudailynews.inquirer.net/208486/8-rescued-from-human-trafficking-at-naia,philippines,UAE,8,,6,2,,17-12-2018,Manila
http://www.crimevoice.com/2018/05/22/human-trafficking-operation-rescued-two-juveniles-arrested-26/,USA,USA,2,13-17,1,1,Sexual Exploit,22-05-2018,L.A.
https://patch.com/california/banning-beaumont/human-trafficking-victim-rescued-inland-empire-sheriff,USA,USA,1,17,0,1,Sexual Exploit,30-10-2018,California
https://ktla.com/2019/03/14/3-teen-human-trafficking-victims-rescued-suspected-pimp-arrested-in-santa-ana-police/,USA,USA,3,13-16,0,3,Sexual Exploit,14-03-2019,Santa Ana
https://wgno.com/2018/12/20/2-men-arrested-missing-teen-rescued-in-sex-trafficking-raid-at-canal-st-hotel/,Louisiana,Louisiana,1,16,0,1,Sexual Exploit,15-12-2018,New Orleans
https://www.sunstar.com.ph/article/1799619,philippines,philippines,10,,0,17,Sexual Exploit,01-04-2019,
http://www.theglobaldispatch.com/california-man-ronald-ean-taylor-pleads-guilty-to-sex-trafficking-of-6-victims-39323/,USA,USA,6,,0,6,Sexual Exploit,01-11-2014,
https://www.whec.com/national/man-accused-of-forcing-california-woman-into-prostitution/5277093/,USA,USA,1,,0,1,Sexual Exploit,13-03-2019,
https://www.latimes.com/local/lanow/la-me-ln-human-trafficking-sweep-arrests-20170202-story.html,,usa,55,,,,,,
http://www.theglobaldispatch.com/new-report-from-ireland-45-rescued-from-human-trafficking-ring-75286/,romania,ireland,22,,22,,labour,09/02/2019,northern ireland
http://www.theglobaldispatch.com/new-report-from-ireland-45-rescued-from-human-trafficking-ring-75286/,china,,3,,3,,,09/02/2019,northern ireland
http://www.theglobaldispatch.com/new-report-from-ireland-45-rescued-from-human-trafficking-ring-75286/,china,,7,,,7,labour,09/02/2019,northern ireland
http://www.theglobaldispatch.com/new-report-from-ireland-45-rescued-from-human-trafficking-ring-75286/,,,13,,,,,09/02/2019,northern ireland
http://www.theglobaldispatch.com/new-report-from-ireland-45-rescued-from-human-trafficking-ring-75286/,,,,,,,,09/02/2019,northern ireland
https://www.justice.gov/usao-ndil/pr/west-suburban-sex-trafficker-sentenced-21-years-federal-prison,usa,usa,5,15,0,5,sex trafficking,13/12/2018,CHICAGO
https://www.philstar.com/nation/2018/12/24/1879441/9-victims-trafficking-rescued-naia,,philippines,9,,,,labour,17/12/2018,manila
https://www.malaysiakini.com/news/366771,bangladesh,malaysia,59,,,,labour,20/12/2018,kuala lumpur
https://www.justice.gov/usao-sdny/pr/us-attorney-announces-charges-against-19-defendants-sex-trafficking-minor-girls-and,usa,usa,15,minor,0,15,sex trafficking,13/12/2018,Westchester County
https://www.pe.com/2017/08/17/2-human-trafficking-victims-rescued-l-a-man-arrested-in-chino-raid/,,usa,2,,,2,sex trafficking,16/08/2017,los angeles
https://punchng.com/103-victims-of-human-trafficking-rescued-in-osun-naptip/,,nigeria,103,,25,78,,06/08/2018,osun
https://www.justice.gov/usao-nj/pr/indian-national-arrested-and-charged-smuggling-foreign-nationals-united-states-commercial,india,usa,6,,0,6,sex trafficking,10/12/2018,
https://cebudailynews.inquirer.net/208486/8-rescued-from-human-trafficking-at-naia,,philippines,,,6,2,labour,17/12/2018,manila
https://wgno.com/2018/12/20/2-men-arrested-missing-teen-rescued-in-sex-trafficking-raid-at-canal-st-hotel/,,usa,1,16,,1,sex trafficking,20/12/2018,new orleans
https://guardian.ng/news/naptip-police-raid-abuja-hotel-rescue-three-sexual-exploitation-victims/,,,,,,,,,
https://nairobinews.nation.co.ke/news/eritreans-rescued-human-traffickers,Eritrea,Kenya,8,17-31,,,,29/03/2019,
https://nairobinews.nation.co.ke/news/eritreans-rescued-human-traffickers,eritrea,Kenya,25,24-33,0,25,Sexual Exploit,28/03/2019,
http://www.daily-sun.com/post/381380/22-Rohingyas-7-Bangladeshi-rescued-while-trafficking,Bangladesh,malaysia,29,,6,16,Smuggling,30/03/2019,
https://www.azfamily.com/news/us_world_news/police--year-old-man-arrested-for-child-trafficking-beat/article_79217e79-97dc-5714-b999-69fc9721b896.html,USA,USA,1,16,0,1,Sexual Exploit,26/03/2019,New Orleans
https://www.dailymail.co.uk/news/article-6864603/Debt-ridden-couple-sells-twins-separate-families-14-000-pay-loan-sharks.html,China,China,2,1,1,1,,29/03/2019,
https://www.freepressjournal.in/bhopal/human-trafficking-inter-state-gang-busted-minor-girl-rescued/1492311,India,India,1,7,0,1,Sexual Exploit,29/03/2019,Bhopal
https://www.tribuneindia.com/news/punjab/five-children-rescued-from-bangle-factory/749783.html,India,India,5,6-10,,,Bondage labour,28/03/2019,Abohar
https://english.newstracklive.com/news/child-laborers-from-mp-bihar-rescued-from-danapursecunderabad-express-mc16-nu-1004941-1.html,India,India,26,,,,Child labour,27/03/2019,Nagpur
https://timesofindia.indiatimes.com/city/kolkata/2-missed-calls-2-years-apart-let-2-trafficked-women-trap-their-seller/articleshow/68542564.cms,India,India,2,,0,2,Sexual Exploit,24/03/2019,Kolkata
https://www.thedailystar.net/city/news/eight-rescued-trafficking-libya-1721956,Bangladesh,Libya,8,22-45,8,0,Bondage labour,29/03/2019,Dhaka
https://timesofindia.indiatimes.com/city/nagpur/35-children-from-bihar-mp-rescued-from-danapur-secunderabad-express/articleshow/68587240.cms,india,india,35,,0,35,sex trafficking,27/03/2019,"Bibhar, MP , Secunderabad"
https://www.nairaland.com/5100278/ondo-state-government-set-up,nigeria,,,,,,,,
http://www.fox2detroit.com/news/local-news/two-women-rescued-from-human-trafficking-in-madison-heights-second-bust-in-area-in-two-months,USA,USA,2,21-23,0,2,Sexual Exploit,28/03/2019,Michigan
https://guardian.ng/news/naptip-police-raid-abuja-hotel-rescue-three-sexual-exploitation-victims/,nigeria,nigeria,3,,,,prostitution,27/03/2019,
http://www.theglobaldispatch.com/missouri-city-man-eddie-larue-sentenced-for-sex-trafficking-a-12-year-old-girl-60672/,usa,usa,1,12,,1,prostitution,04/07/2017,Missourie City
https://timesofindia.indiatimes.com/city/kolkata/2-missed-calls-2-years-apart-let-2-trafficked-women-trap-their-seller/articleshow/68542564.cms,india,india,2,,,2,prostitution,24/03/2017,Kolkata
https://www.businessinsider.in/i-spent-a-day-with-the-us-coast-guard-in-the-port-of-miami-where-units-search-for-drug-smugglers-and-unauthorized-migrants/articleshow/68530544.cms,india,india,16,,,,,,
https://www.standardmedia.co.ke/article/2001318902/human-trafficking-syndicate-busted-8-rescued,Kenya,Kenya,8,,,,labour,31/03/2019,Wamba City
http://www.daily-sun.com/post/381380/22-Rohingyas-7-Bangladeshi-rescued-while-trafficking,Bangladesh,malaysia,29,,16,6,labour,30/03/2019,
https://www.the-star.co.ke/news/2019-03-30-three-traders-charged-with-human-trafficking/,Burundi,Kenya,25,24-33,,25,prostitution,30/03/2019,
https://www.theeastafrican.co.ke/news/ea/25-Burundian-women-rescue-Kenya-human-trafficking/4552908-5045982-r5tsygz/index.html,Kenya,Asia,25,,,25,labour,28/03/2019,Ruiru
https://www.thedailystar.net/city/news/eight-rescued-trafficking-libya-1721956,Bangladesh,Libya,8,17-33,8,,labour,29/03/2019,
https://globalnews.ca/news/4956517/human-trafficking-labour-canada/,Mexico,Canada,43,20-46,43,0,slavery,14/2/19,
https://lompocrecord.com/news/local/statewide-human-trafficking-operation-nets-arrests-rescues-in-santa-barbara/article_8e512d33-9046-5ab7-a10d-79c01625b546.html,USA,USA,48,,41,7,sex trafficker,31/1/19,
http://www.wlox.com/2019/03/01/teen-rescued-during-human-trafficking-sting-hub-city/,USA,USA,1,,0,1,sex trafficker,1/3/19,Mississippi
http://www.ldsliving.com/How-Children-Rescued-from-Human-Trafficking-Are-Healed-with-Help-from-Operation-Underground-Railroad/s/86682/,USA,USA,20,5-20,0,20,sex trafficker,31/3/19,
https://www.malaysiakini.com/news/366771,Bangladesh,malaysia,59,,,,,20/12/16,
https://www.wlns.com/news/michigan-state-police-rescued-five-human-trafficking-victims-in-west-michigan/1637989875,USA,USA,5,,,,,3/12/18,Michigan
https://www.registerguard.com/news/20190331/two-massage-parlors-raided-in-springfield-three-arrested,China,USA,,35-55,,,sex trafficker,,
https://www.carolinajournal.com/news-article/toll-of-human-trafficking-gains-notice-of-lawmakers-law-enforcement/,USA,USA,1,19,0,1,sex trafficker,2/7/2017,
https://www.philstar.com/nation/2018/12/24/1879441/9-victims-trafficking-rescued-naia,,philippines,9,,,,,24/12/2018,
http://goldenageofgaia.com/2018/02/02/human-trafficking-crackdown-510-arrested-56-rescued-in-california/,USA,USA,56,,45,11,,30/1/2018,
https://www.pe.com/2017/08/17/2-human-trafficking-victims-rescued-l-a-man-arrested-in-chino-raid/,USA,USA,2,,,,sex trafficker,16/8/2017,
https://cebudailynews.inquirer.net/208486/8-rescued-from-human-trafficking-at-naia,philippines,Dubai,8,,6,2,labor,7/12/2018,
https://www.reuters.com/article/us-usa-trafficking-arrests-idUSKBN15G5J6,USA,USA,55,,,,,2/2/17,
https://punchng.com/103-victims-of-human-trafficking-rescued-in-osun-naptip/,,Nigeria,103,,25,78,,6/8/18,
https://patch.com/california/banning-beaumont/human-trafficking-victim-rescued-inland-empire-sheriff,USA,USA,1,17,0,1,sex trafficker,30/10/2018,
http://www.crimevoice.com/2018/05/22/human-trafficking-operation-rescued-two-juveniles-arrested-26/,USA,USA,2,13-17,,,sex trafficker,22/5/2018,
https://www.nyoooz.com/news/bareilly/1317081/human-trafficking-minor-bangladeshi-girl-rescued/,Bangladesh,India,1,,0,1,sex trafficker,1/2/19,
https://ktla.com/2019/03/14/3-teen-human-trafficking-victims-rescued-suspected-pimp-arrested-in-santa-ana-police/,,USA,0,,0,3,sex trafficker,14/3/2019,
https://fox8.com/2019/01/30/nearly-50-victims-including-teens-rescued-during-california-human-trafficking-sting/,USA,USA,50,6-30,,,sex trafficker,30/1/2019,
http://www.ipsnews.net/2019/03/tortured-in-libya/,Bangladesh,malaysia,1,,1,,labor,23/3/2019,
https://www.whec.com/national/man-accused-of-forcing-california-woman-into-prostitution/5277093/,USA,USA,1,,,1,sex trafficker,13/2/2019,
http://www.unwomen.org/en/news/stories/2016/3/breaking-the-cycle-of-human-trafficking-in-albania,Albania,Albania,85,,,85,sex trafficker,30/03/2016,
https://www.thehindu.com/news/cities/Delhi/27-victims-of-trafficking-rescued/article25116829.ece,India,India,27,,,,child labour,04/10/2018,
https://abc13.com/news/fbi-rescues-82-children-in-sex-trafficking-sting/1577121/,USA,USA,82,12-16,0,0,sex trafficking,28/10/2016,
https://people.com/human-interest/u-s-navy-seals-retired-police-rescue-human-trafficking-teen-victims/,USA,USA,1,16,,,,25/01/2018,
https://myfox8.com/2018/10/09/more-than-120-children-rescued-following-human-trafficking-sting/,USA,USA,123,,,,sex,09/10/2018,
https://globalnews.ca/news/4319117/india-girls-rescued-from-human-traffickers-tweet/,India,India,23,12-16,,,,08/07/2018,
https://www.bbc.com/news/uk-scotland-45533185,scotland,scotland,10,,,,,15/09/2018,
https://www.cbsnews.com/news/fbi-168-kids-rescued-281-pimps-nabbed-in-sex-trafficking-crackdown/,,,,,,,,,
http://www.702.co.za/articles/308313/human-trafficking-rife-in-south-africa-with-more-women-lured-into-dens,South Africa,South Africa,46,,,,sex,19/06/2018,
https://www.chch.com/hamilton-girls-aged-14-16-rescued-human-trafficking-investigation/,Canada,Canada,2,14-16,,,,,
https://www.kahawatungu.com/2019/04/12/31-human-trafficked-women-rescued-mombasa/,Ethopian,Kenya,31,18-22,0,31,sex trafficker,10/04/2019,
https://www.kahawatungu.com/2019/04/10/nine-ethiopian-male-victims-human-trafficking-rescued/,Ethopian,Kenya,9,20-36,9,0,Human Labour,08/04/2019,
https://www.nbcnews.com/news/us-news/84-children-rescued-120-human-traffickers-arrested-across-u-s-n812156,USA,USA,84,8-14,0,0,,19/10/2017,
https://www.reuters.com/article/us-libya-migrants-interpol/forty-human-traffickers-arrested-500-people-rescued-in-west-africa-idUSKBN1DN1RL,West Africa,Europe,500,,,,"Begging, Prostitution",23/11/2017,
https://abc7chicago.com/news/human-trafficking-sex-ring-busted;-13-victims-rescued/2257267/,USA,USA,13,15-21,0,13,Sex Slave,28/07/2017,
https://www.nbcnews.com/news/us-news/man-arrested-after-8-women-held-luxury-georgia-home-human-n731871,Georgia,Georgia,8,19-22,0,8,Sex Slave,11/03/2017,
https://www.nydailynews.com/news/national/flight-attendant-rescues-teen-girl-human-trafficking-article-1.2965478,USA,USA,1,15,0,1,,06/02/2017,
https://ktla.com/2017/02/01/474-arrested-28-sexually-exploited-children-rescued-during-statewide-human-trafficking-operation-lasd/,USA,USA,28,,,,Sex Slave,01/02/2017,
https://www.unodc.org/unodc/en/frontpage/2015/January/tackling-human-trafficking-in-west-africa_-unodc-and-the-story-of-anna-and-precious.html,Nigeria,Okah,2,,,2,Prostitution,28/01/2015,
https://www.azcentral.com/story/news/local/arizona/2017/01/19/arizona-trooper-who-saved-teen-sex-trade-victim-no-one-should-trafficked/96782296/,USA,USA,1,16,0,0,,19/01/2017,
https://abc13.com/news/12-rescued-from-sweltering-cargo-bay-of-truck/2202136/,USA,USA,12,,,,Trafficking,11/07/2017,
https://www.latimes.com/local/lanow/la-me-ln-human-trafficking-sweep-arrests-20170202-story.html,USA,USA,55,,0,28,Prostitution,02/02/2017,
https://www.thesouthafrican.com/tshwane-human-trafficking-over-200-kids-rescued-after-major-breakthrough/,South Africa,South Africa,220,8-14,0,0,Labour,27/06/2017,
https://www.nbcnewyork.com/news/local/2-Teens-Rescued-From-Accused-Sex-Traffickers-in-Brooklyn-NYPD-452310403.html,USA,USA,2,14-15,0,2,Sex Trafficking,22/10/2017,
https://ewn.co.za/2017/07/30/woman-rescued-from-sex-trafficking-syndicate-expected-in-sa,South Africa,malaysia,8,27,0,8,Sex Slave,31/07/2017,
https://www.ice.gov/news/releases/ice-arrests-29-people-8-states-human-trafficking-charges-identifies-15-potential,Mexico,USA,2,16,,2,Prostitution,30/01/2015,
https://www.twincities.com/2017/06/29/19-arrested-in-human-trafficking-sting-10-victims-rescued-officials-say/,USA,USA,10,13-15,,,Prostitution,29/06/2017,
https://www.wxyz.com/news/12-kids-rescued-8-arrested-in-detroit-area-human-trafficking-sweep,USA,USA,84,8-14,0,0,Labour,18/10/2018,
https://polarisproject.org/blog/2015/11/13/friday-news-roundup-cnn-sex-trafficking-mexico,Mexico,USA,2,12-19,,2,Prostitution,13/11/2015,
https://www.dw.com/en/thousands-of-migrants-rescued-in-the-mediterranean/a-38919551,Libya,Italy,2100,,,,Migrant,20/05/2017,
https://newcastleadvertiser.co.za/112220/must-read-72-victims-rescued-from-human-trafficking-in-newcastle/,Swaziland,South Africa,72,18-35,,,Labour,06/02/2017,
http://www.hurriyetdailynews.com/13-people-arrested-for-human-trafficking-in-izmir--81475,Syria ,Greece,30,,,,Prostitution,23/04/2015,
https://www.bbc.com/news/health-38722052,Pakistan,Pakistan,24,,,,Organ Trafficking,24/01/2017,
https://www.lohud.com/story/news/local/putnam/2017/12/19/feds-rescue-girl-sex-trafficking/967005001/,USA,USA,1,17,0,1,Sex Trafficking,19/12/2017,
https://www.hindustantimes.com/india-news/over-500-minors-rescued-in-anti-human-trafficking-drive-in-rajasthan/story-Ja1ucixYNMgu1swGyeRwwJ.html,India,India,500,8-14,,,,23/06/2017,
https://www.bbc.com/news/uk-england-bristol-40658099,England,England,5,,5,0,Bonded Labour,19/07/2017,
https://www.denverpost.com/2015/01/26/fbi-recovers-6-minors-arrests-2-in-denver-stock-show-sex-trade-sting/,USA,USA,6,14-17,,,Sex Trafficking,25/01/2015,
https://abc7.com/girl-13-rescued-in-compton-human-trafficking-sting/2662008/,USA,USA,1,13,0,1,Sex Trafficking,18/11/2017,
https://www.enca.com/world/30-women-rescued-from-sex-trafficking-in-mexico,"Colombia, Venezula",Mexico,30,21-39,0,30,Sex Trafficking,26/11/2017,
https://www.myjoyonline.com/news/2017/February-13th/police-anti-human-trafficking-unit-rescues-24-children-arrests-16-suspects.php,Ghana,Ghana,24,8-14,0,0,Forced Labour,13/02/2017,
https://www.recordnet.com/news/20170501/human-trafficking-eight-girls-rescued-getting-help,USA,USA,8,14-17,0,8,Sex Trafficking,01/05/2017,
https://news.abs-cbn.com/news/10/09/18/22-teen-girls-rescued-from-human-trafficking-in-cavite,,Philippines,22,,,,Sex Trafficking,09/10/2018,
https://www.nola.com/crime/2018/12/missing-teen-rescued-2-new-orleans-men-arrested-in-sex-trafficking-case-state-police.html,,USA,1,16,,,Sex Trafficking,20/12/2018,
https://www.cbsnews.com/news/fbi-168-kids-rescued-281-pimps-nabbed-in-sex-trafficking-crackdown/,USA,USA,170,12-16,0,0,Sex Trafficking,23/06/2014,
https://www.star-telegram.com/news/local/crime/article218293850.html,,USA,20,,,,Sex Trafficking,12/09/2018,
https://www.reuters.com/article/us-thailand-uighur/suspected-uighurs-rescued-from-thai-trafficking-camp-idUSBREA2D0A920140314,China,Thailand,200,,0,200,Sex Trafficking,14/03/2014,
https://www.reuters.com/article/us-nfl-superbowl-prostitution/45-arrested-16-juveniles-rescued-in-super-bowl-prostitution-bust-idUSBREA131BB20140204,USA,USA,16,13-17,0,0,Sex Trafficking,04/02/2014,
https://www.enca.com/news/police-rescue-85-minors-human-trafficking,,Sudan,85,,,,,10/09/2018,
https://nbc25news.com/news/local/over-120-children-rescued-following-michigan-human-trafficking-sting,,USA,123,,,,,09/10/2018,
https://www.theepochtimes.com/149-children-in-atlanta-rescued-from-exploitation-and-sex-trafficking_2557104.html,,USA,149,,,,,14/06/2018,
https://www.kcra.com/article/14-arrested-cited-in-el-dorado-county-human-trafficking-sting-2/14463293,USA,USA,9,17-30,,,Prostitution,20/12/2017,
https://www.huffingtonpost.in/entry/149-child-sex-trafficking-victims-fbi-sting_n_561e985ce4b028dd7ea62852,USA,USA,149,12-14,,,Sex Trafficking,15/10/2015,
https://www.nst.com.my/news/nation/2018/05/366252/127-human-trafficking-victims-rescued,SriLanka,Malaysia,127,,94,24,,06/05/2018,
https://www.shreveporttimes.com/story/news/crime/2017/04/19/six-arrested-human-trafficking-two-teens-rescued/100639660/,USA,USA,2,18-19,0,2,Prostitution,19/04/2017,
https://www.pmnewsnigeria.com/2017/04/21/human-trafficking-43-victims-rescued-kano-katsina/,Nigeria,Nigeria,43,16-37,29,14,,21/04/2017,
https://www.thehindu.com/news/national/andhra-pradesh/Human-trafficking-3-women-trapped-in-Saudi-Arabia-rescued/article17047063.ece,India,Saudi Arabia,3,35,0,3,Bonded Labour,17/01/2017,
https://nypost.com/2014/07/30/fbi-sex-trafficking-bust-recovers-168-kids-some-never-reported-missing/,USA,USA,168,12-16,0,0,,30/06/2014,
https://www.usnews.com/news/newsgram/articles/2014/02/28/chinese-babies-saved-from-human-trafficking-ring,China,China,382,0-3,0,0,,28/04/2014,
https://www.reuters.com/article/us-foundation-rwanda-trafficking/rwanda-steps-up-human-trafficking-fight-rescues-150-victims-idUSKCN0HY10W20141009,Rwanda,UAE,150,,0,150,,09/10/2014,
https://www.thestar.com/news/canada/2014/10/07/girl_12_among_18_rescued_from_crosscanada_sex_trade_ring.html,canada,canada,18,,0,18,,07/10/2014,
https://www.theguardian.com/uk-news/2014/aug/18/police-rescue-20-people-trafficking-victims-northern-ireland,Ireland,Ireland,24,20-48,14,6,,18/8/2014,
https://www.asianage.com/india/all-india/200317/gujarat-woman-rescued-from-saudi-arabia-reaches-ahmedabad.html,India,Saudi Arabia,1,45,0,1,,20/03/2017,
https://www.thedailystar.net/city/human-trafficking-9-rescued-dhaka-1379632,Bangladesh,Cyprus,9,,9,0,,22/03/2017,
https://www.kgw.com/article/news/crime/girl-rescued-2-arrested-during-sex-trafficking-investigation/434934080,USA,USA,1,16,0,1,,28/04/2017,Michigan
https://k1025.com/5-human-trafficking-victims-rescued-in-kalamazoo-area/,,USA,5,,,,,03/12/2018,Michigan
https://bringmethenews.com/minnesota-news/sex-traffickers-arrested-in-roseville-6-women-rescued,,USA,6,,,6,,14/12/2018,California
https://www.dawn.com/news/1115844,Pakistan,Somalia,12,,0,12,,29/06/2014,Karachi
https://www.iol.co.za/news/south-africa/free-state/11-rescued-from-suspected-free-state-human-traffickers-12768971,,south africa,11,,,,,17/01/2018,Johanessburg
http://time.com/12628/human-trafficking-rife-in-thai-fishing-industry/,Mayanmar,Thailand,1,,1,0,Bonded Labour,05/03/2014,
https://nairobinews.nation.co.ke/news/police-busts-human-trafficking-ring-nairobi,Democratic Republic of the Congo,Kenya,1,19-45,,,,,Nairobi
https://nairobinews.nation.co.ke/news/police-busts-human-trafficking-ring-nairobi,Comorans,Kenya,75,19-45,,,,,Nairobi
https://nairobinews.nation.co.ke/news/police-busts-human-trafficking-ring-nairobi,Uganda,Kenya,3,19-45,,,,,Nairobi
https://www.india.com/news/india/hyderabad-police-bust-online-sex-trafficking-racket-3-women-rescued-2758493/,India,India,3,,0,3,Prostitution,16/12/2017,
https://www.firstpost.com/india/ssb-rescues-11-children-from-india-nepal-nabs-three-child-traffickers-in-bihar-3689881.html,"Nepal, India",India,11,8-14,0,0,Child Labour,16/06/2107,
https://www.thespec.com/news-story/5325449-girl-rescued-from-sex-trafficking-in-hamilton/,New Zealand,New Zealand,1,16,,1,Prostitution,05/02/2015,Hamilton
https://asiancorrespondent.com/2018/01/113-trafficking-victims-rescued-victoria-secret-brothel/,,Thailand,113,,,113,Prostitution,12/01/2018,Bangkok
https://mexiconewsdaily.com/news/56-children-among-those-rescued/,,Mexico,56,,29,28,labour,15/10/2018,Oaxaca
https://odishasuntimes.com/human-trafficking-odisha-cops-rescue-19-women-from-osrtc-bus/,,India,19,,,19,sexual exploitation,31/07/2018,Orissa
https://www.news18.com/news/india/human-trafficking-39-nepalese-girls-rescued-from-delhi-hotel-1830367.html,Nepal,India,39,,0,39,Prostitution,01/08/2018,Delhi
http://www.newindianexpress.com/cities/bengaluru/2018/dec/13/35-women-rescued-from-traffickers-1910831.html,Nepal,India,35,,0,35,prostitution,13/12/2018,Karnataka
https://timesofindia.indiatimes.com/city/delhi/trafficker-gang-busted-six-girls-rescued/articleshow/61158288.cms,India,India,6,16-19,0,6,Prostitution,21/10/2017,
https://www.abcactionnews.com/news/local-news/two-teens-rescued-after-authorities-arrested-a-man-for-human-trafficking,USA,USA,2,16,0,2,Sex Slave,12/06/2017,
https://www.scmp.com/news/china/policies-politics/article/2069494/china-police-rescue-32-trafficked-vietnamese-brides,Vietnam,China,32,,0,32,Bride,09/02/2017,
https://patch.com/michigan/detroit/2-teens-rescued-sex-trafficking-during-detroit-auto-show,USA,USA,2,15-16,0,2,Sex Trafficking,14/02/2017,
https://london.ctvnews.ca/alleged-human-trafficking-victim-rescued-by-sarnia-police-1.3344057,Canada,Canada,1,19,0,1,,28/03/2017,
https://www.voacambodia.com/a/cambodian-women-were-rescued-from-from-sexual-trafficking-in-japan/3688367.html,Cambodia,Japan,7,,0,7,Sex Trafficking,24/01/2017,
https://www.touchalifekids.org/16-children-rescued-ghana,Ghana,Ghana,16,14,,,Bonded Labour,28/10/2015,Yeji
https://arunachaltimes.in/index.php/2017/09/12/eight-manipur-girls-rescued-from-clutches-of-human-traffickers/,India,Mayanmar,8,,0,8,,12/09/2017,
https://www.globenewswire.com/news-release/2017/11/14/1186283/0/en/Nine-9-Children-Rescued-from-Cybersex-Trafficking-in-an-IJM-Supported-Operation-Abused-by-Saskatchewan-Man.html,Philliphines,Canada,9,2-9,7,2,Cybersex Trafficking,14/11/2017,
https://www.scpr.org/news/2017/04/08/70616/3-teen-girls-rescued-from-alleged-human-traffickin/,USA,USA,3,,0,3,Prostitution,08/04/2017,
https://windsorstar.com/news/marys-story-she-was-17-and-a-victim-of-human-trafficking,canada,canada,1,17,0,1,Sex  Trafficking,13/06/2014,
https://www.india.com/news/india/over-400-human-trafficking-victims-rescued-in-assam-132750/,India,INdia,422,13-16,0,422,Sex  Trafficking,28/08/2014,Assam
https://www.ijm.org/news/filipino-children-as-young-as-2-rescued-from-cybersex-trafficking,Philliphines,philippines,6,7,,,Cybersex Trafficking,17/08/2015,Cebu
https://dfw.cbslocal.com/2014/07/22/teens-rescued-in-denton-county-human-trafficking-sting/,USA,USA,2,17,0,2,Sex  Trafficking,22/07/2014,Texas
https://www.deccanchronicle.com/140617/nation-crime/article/58-minor-boys-rescued-while-being-trafficked,India,India,58,,58,0,Sex  Trafficking,17/06/2014,Kerala
https://www.nbcsandiego.com/news/local/Officers-Rescue-13-Year-Old-From-Sex-Trafficking-Operation-360652031.html,USA,USA,1,13,,1,Sex  Trafficking,04/12/2015,
https://nationalpost.com/news/canada/woman-22-charged-after-girl-15-rescued-from-sex-trade-at-burlington-ont-hotel,,,,,,,,,
https://nationalpost.com/news/canada/woman-22-charged-after-girl-15-rescued-from-sex-trade-at-burlington-ont-hotel,USA,USA,1,15,0,1,Sex Trafficking,24/01/2014,BURLINGTON
https://www.nbcbayarea.com/news/local/Santa-Clara-County-Task-Force-6-Human-Trafficking-Victims-Rescued-After-Search-Warrants-Executed-351451521.html,Spain,USA,6,,,,Sex Trafficking,18/10/2015,
https://www.telegraphindia.com/states/north-east/15-trafficked-children-rescued-brought-back-to-assam/cid/185775,India,India,15,,,,Sex Trafficking,08/05/2014,Bangalore
https://www.reuters.com/article/us-malaysia-rohingya-idUSBREA2504U20140306,Myanmar,Malaysia,100,,,,Sex Trafficking,06/03/2014,
https://www.bbc.com/news/uk-northern-ireland-33601011,UK,Ireland,21,,,,Forced Labour,13/10/2015,Belfast
https://www.wesh.com/article/deputies-14-year-old-sex-slave-rescued-44-people-arrested-during-prostitution-sting/4432997,USA,USA,1,14,0,1,Sex Trafficking,16/04/2014,